sample,streaming_ms,frame_interval_ms,gc_allocated_in_frame_bytes,active,pooled,owned
0,1.989100,NaN,30510,56,0,56
1,1.314100,17.286300,30318,56,0,56
2,0.658400,29.671400,29830,56,0,56
3,1.146800,53.560700,29830,56,0,56
4,1.380400,21.344400,29830,56,0,56
5,2.323000,30.160700,29830,56,0,56
6,0.495500,4.546200,29872,56,0,56
7,2.037400,16.772700,29872,56,0,56
8,1.777500,26.249300,29872,56,0,56
9,0.574200,8.679700,29872,56,0,56
10,0.454100,14.480000,29872,56,0,56
11,0.278800,16.200500,29872,56,0,56
12,0.599000,16.620900,29872,56,0,56
13,0.532600,16.809300,29872,56,0,56
14,0.473300,16.534500,29872,56,0,56
15,0.328600,17.036400,29872,56,0,56
16,0.493100,18.397700,29872,56,0,56
17,0.267200,14.687400,29872,56,0,56
18,0.267100,16.818900,29872,56,0,56
19,0.262800,17.017900,29872,56,0,56
20,0.247700,15.908300,29872,56,0,56
21,0.236800,16.779000,29872,56,0,56
22,0.242500,16.724700,29872,56,0,56
23,0.923300,16.680400,29872,56,0,56
24,0.300600,16.718600,29872,56,0,56
25,0.324700,16.664000,29872,56,0,56
26,0.412400,16.649500,29872,56,0,56
27,0.248000,16.670800,29872,56,0,56
28,1.420600,16.875500,29872,56,0,56
29,0.244500,16.655200,29872,56,0,56
30,0.535800,16.403000,54982,62,0,62
31,0.238900,16.663200,29866,62,0,62
32,0.293400,16.688900,30270,61,1,62
33,0.623900,16.708200,30026,60,2,62
34,0.631000,17.255700,29866,59,3,62
35,0.612000,16.414700,29866,58,4,62
36,0.600200,16.644800,29866,57,5,62
37,0.514600,16.638700,29866,56,6,62
38,0.702000,16.302100,29866,56,6,62
39,0.277900,16.892100,29866,56,6,62
40,0.266600,16.671300,29866,56,6,62
41,0.375600,16.681000,29866,56,6,62
42,0.265400,16.491700,29866,56,6,62
43,0.896600,16.770600,29866,56,6,62
44,0.325800,16.374300,29866,56,6,62
45,0.281100,17.003600,29866,56,6,62
46,0.248300,16.476000,29866,56,6,62
47,0.256800,16.871000,29866,56,6,62
48,1.465900,17.351100,29866,56,6,62
49,0.395500,16.104700,29866,56,6,62
50,0.296000,16.319900,29866,56,6,62
51,0.396600,17.304700,29866,56,6,62
52,0.355100,16.297800,29866,56,6,62
53,0.392900,16.822300,29866,56,6,62
54,1.123100,16.601500,29866,56,6,62
55,0.382300,16.808100,29866,56,6,62
56,0.371700,16.114600,29866,56,6,62
57,0.332700,17.057000,29866,56,6,62
58,0.414400,16.910100,29866,56,6,62
59,1.066100,16.516800,29866,56,6,62
60,0.468300,16.663200,54304,62,0,62
61,0.287700,16.310700,29872,62,0,62
62,0.383600,16.956600,29872,61,1,62
63,0.630000,16.657600,29872,60,2,62
64,0.283800,16.663900,29872,59,3,62
65,0.247700,16.590300,29872,58,4,62
66,0.261300,16.692700,29872,57,5,62
67,0.249000,16.707400,29872,56,6,62
68,0.250200,16.459400,29872,56,6,62
69,0.562000,16.823200,29872,56,6,62
70,0.244000,16.687200,29872,56,6,62
71,0.262800,16.732000,29872,56,6,62
72,0.246700,16.599800,29872,56,6,62
73,0.289800,16.704800,29872,56,6,62
74,0.713600,16.738900,29872,56,6,62
75,0.792800,17.455400,29872,56,6,62
76,0.327800,16.065800,29872,56,6,62
77,0.267600,16.635500,29872,56,6,62
78,0.258800,16.811500,29872,56,6,62
79,0.608700,16.746200,29872,56,6,62
80,0.255100,16.260200,29872,56,6,62
81,0.272600,16.858900,29872,56,6,62
82,0.272100,16.687400,29872,56,6,62
83,0.246000,16.771100,29872,56,6,62
84,0.300100,16.756300,29872,56,6,62
85,0.258500,16.468900,29872,56,6,62
86,0.370800,16.508000,29872,56,6,62
87,0.805800,17.963000,29872,56,6,62
88,0.927100,16.236900,29872,56,6,62
89,0.274900,16.297600,29872,56,6,62
90,0.827700,16.635500,54262,62,0,62
91,0.275000,16.666800,29866,62,0,62
92,0.272400,16.432000,29866,61,1,62
93,0.310900,16.828300,29866,60,2,62
94,1.156400,16.884100,29866,59,3,62
95,0.255000,16.536000,29866,58,4,62
96,0.376100,16.726900,29908,57,5,62
97,0.251100,16.608900,29908,56,6,62
98,0.286700,16.452000,29908,56,6,62
99,0.466000,17.204200,29908,56,6,62
100,0.694300,16.335300,29908,56,6,62
101,0.560400,17.003200,29908,56,6,62
102,0.419500,16.740900,29908,56,6,62
103,0.265200,16.351200,29908,56,6,62
104,0.299200,16.371600,29908,56,6,62
105,0.809700,16.968200,29908,56,6,62
106,0.331700,16.785000,29908,56,6,62
107,0.308700,16.510400,29908,56,6,62
108,0.369100,16.673100,29908,56,6,62
109,0.310000,16.640400,29908,56,6,62
110,0.618800,16.501700,29908,56,6,62
111,0.241200,16.992000,29908,56,6,62
112,0.284500,16.793400,29908,56,6,62
113,0.252600,16.606600,29908,56,6,62
114,0.527600,16.842900,29908,56,6,62
115,0.326500,16.541800,29908,56,6,62
116,0.761100,16.366100,29908,56,6,62
117,0.239000,16.862900,29908,56,6,62
118,0.277700,16.672700,29908,56,6,62
119,0.400300,16.861000,29908,56,6,62
120,1.131800,16.566100,54382,62,0,62
121,0.538500,16.970000,29914,62,0,62
122,0.510600,16.282700,29914,61,1,62
123,0.359700,16.697600,29914,60,2,62
124,0.310700,16.692600,29914,59,3,62
125,0.290700,16.665700,29914,58,4,62
126,0.262500,16.553000,29914,57,5,62
127,0.978500,16.755500,29914,56,6,62
128,0.872100,16.681100,29914,56,6,62
129,0.785400,17.140500,29914,56,6,62
130,0.770700,16.325800,29914,56,6,62
131,1.753400,17.274200,29914,56,6,62
132,0.817700,16.290100,29914,56,6,62
133,0.895600,16.597100,29914,56,6,62
134,0.729700,16.311800,29914,56,6,62
135,0.789800,16.970200,29914,56,6,62
136,2.038500,16.652300,29914,56,6,62
137,0.890200,16.912600,29914,56,6,62
138,0.740000,16.610300,29914,56,6,62
139,0.744300,17.362700,29914,56,6,62
140,0.891300,15.513900,29914,56,6,62
141,2.106700,17.100100,29914,56,6,62
142,1.382700,17.344000,29914,56,6,62
143,0.946200,18.473500,29914,56,6,62
144,0.765000,14.486400,29914,56,6,62
145,0.804900,16.791400,29914,56,6,62
146,0.733200,15.797000,29914,56,6,62
147,1.616700,17.400100,29914,56,6,62
148,0.752700,16.728300,29914,56,6,62
149,0.746500,16.549600,29914,56,6,62
150,1.184800,16.574300,54340,62,0,62
151,1.056000,16.429800,29908,62,0,62
152,0.752900,16.895300,29908,61,1,62
153,0.744900,17.146500,29908,60,2,62
154,0.771900,16.874400,29908,59,3,62
155,0.953500,16.602200,29908,58,4,62
156,1.763000,17.052200,29908,57,5,62
157,0.498200,16.019900,29908,56,6,62
158,0.367000,16.144000,29908,56,6,62
159,0.355200,17.321900,29908,56,6,62
160,0.362700,16.280400,29908,56,6,62
161,0.272900,16.702000,29908,56,6,62
162,0.891800,16.665100,29908,56,6,62
163,0.407500,16.863200,29908,56,6,62
164,0.326400,16.285100,29908,56,6,62
165,0.312300,16.838400,29908,56,6,62
166,0.309300,16.817400,29908,56,6,62
167,1.035400,16.635900,29908,56,6,62
168,0.426300,16.815000,29908,56,6,62
169,0.326400,16.553000,29908,56,6,62
170,0.328800,16.460500,29908,56,6,62
171,0.324700,16.838300,29908,56,6,62
172,0.877600,16.606900,29908,56,6,62
173,0.394800,16.706900,29908,56,6,62
174,0.766800,17.046300,29908,56,6,62
175,0.442300,16.460500,29908,56,6,62
176,0.738600,16.272000,29908,56,6,62
177,0.901200,16.876000,29908,56,6,62
178,0.537100,16.937400,29908,56,6,62
179,0.347000,16.625200,29908,56,6,62
180,0.623800,16.479500,54382,62,0,62
181,0.486100,16.921700,29914,62,0,62
182,1.161000,16.305800,29914,61,1,62
183,0.336000,16.941400,29914,60,2,62
184,0.435600,16.560400,29914,59,3,62
185,0.317900,16.759400,29914,58,4,62
186,0.412600,16.702500,29914,57,5,62
187,0.701500,16.434500,29914,56,6,62
188,0.421700,16.760800,29914,56,6,62
189,0.406900,16.900600,29914,56,6,62
190,0.491900,16.616200,29914,56,6,62
191,0.365400,16.679500,29914,56,6,62
192,1.211100,16.811800,29914,56,6,62
193,0.405700,16.780300,29914,56,6,62
194,0.486300,16.238200,29914,56,6,62
195,0.255400,16.651600,29914,56,6,62
196,0.360900,16.875300,29914,56,6,62
197,0.329000,16.594400,29914,56,6,62
198,0.962200,16.596300,29914,56,6,62
199,0.377500,17.129300,29914,56,6,62
200,0.448700,16.086900,29914,56,6,62
201,0.274300,16.694700,29914,56,6,62
202,0.399100,16.804300,29914,56,6,62
203,0.814600,16.721400,29914,56,6,62
204,0.488400,16.683000,29914,56,6,62
205,0.591100,16.751400,29914,56,6,62
206,0.522400,17.122800,29914,56,6,62
207,0.418300,16.162300,29914,56,6,62
208,1.169000,17.046800,29914,56,6,62
209,0.296300,16.621100,29914,56,6,62
210,0.718400,16.794300,54340,62,0,62
211,0.392600,16.487400,29908,62,0,62
212,0.477300,16.916100,29908,61,1,62
213,0.929400,16.172700,29908,60,2,62
214,0.565200,17.106300,29908,59,3,62
215,0.631600,16.802700,29908,58,4,62
216,0.411800,16.642900,29908,57,5,62
217,0.401300,16.465400,29908,56,6,62
218,1.049000,16.763000,29908,56,6,62
219,0.370300,16.311200,29908,56,6,62
220,0.401900,17.444100,29908,56,6,62
221,0.300200,16.604100,29908,56,6,62
222,0.493900,16.660800,29908,56,6,62
223,0.415400,16.442100,29908,56,6,62
224,1.091700,16.613200,29908,56,6,62
225,0.308100,16.273600,29908,56,6,62
226,0.361000,17.121700,29908,56,6,62
227,0.303500,16.564300,29908,56,6,62
228,0.330700,16.846700,29908,56,6,62
229,1.034400,16.490700,29908,56,6,62
230,0.532300,16.936200,29908,56,6,62
231,0.617300,16.509600,29908,56,6,62
232,0.335200,16.700800,29908,56,6,62
233,0.334100,16.506000,29908,56,6,62
234,1.055900,16.784300,29908,56,6,62
235,0.315400,16.579800,29908,56,6,62
236,0.369300,16.848700,29908,56,6,62
237,0.374700,16.308200,29908,56,6,62
238,0.438800,17.280500,29908,56,6,62
239,0.473900,16.975700,29908,56,6,62
