elapsed_seconds,unity_used_bytes,unity_reserved_bytes,mono_used_bytes,active,pooled,owned
0.000,96781873,190164992,2916352,142,1,143
1.011,96781827,190164992,3043328,142,1,143
2.015,96781866,190164992,3055616,138,5,143
3.015,96781913,192262144,3137536,139,4,143
4.000,96781918,192262144,2908160,140,3,143
5.002,96781908,192262144,2981888,142,1,143
6.005,96781935,192262144,2998272,137,6,143
7.006,96782086,192262144,3018752,132,11,143
8.006,96782086,192262144,3035136,132,11,143
9.011,96782010,192262144,3047424,132,11,143
10.012,96782010,192262144,3067904,132,11,143
11.013,96782010,192262144,3084288,132,11,143
12.015,96781896,192262144,3174400,139,4,143
13.015,96782091,192262144,2940928,141,2,143
14.008,96782267,192262144,3014656,142,1,143
15.015,96782279,192262144,3092480,142,1,143
16.000,96782467,192262144,3174400,142,1,143
17.001,96782479,192262144,3207168,142,1,143
18.002,96782407,192262144,2965504,142,1,143
19.003,96782429,192262144,3051520,143,0,143
20.004,96782305,192262144,3072000,138,5,143
21.007,96782541,192262144,3162112,140,3,143
22.007,96782715,192262144,3186688,135,8,143
23.008,96782719,192262144,3198976,132,11,143
24.010,96782635,192262144,3219456,132,11,143
25.011,96782699,192262144,2924544,132,11,143
26.012,96782731,192262144,2936832,132,11,143
27.013,96782557,192262144,3014656,142,1,143
28.015,96782731,192262144,3026944,137,6,143
29.016,96782880,192262144,3104768,139,4,143
30.000,96782869,192262144,3194880,140,3,143
31.001,96782889,192262144,2965504,140,3,143
32.003,96782866,192262144,3031040,141,2,143
33.004,96782862,192262144,3112960,141,2,143
34.007,96782658,192262144,3141632,141,2,143
35.009,96782879,192262144,2904064,142,1,143
36.008,96783006,192262144,2924544,137,6,143
37.010,96783020,192262144,3014656,139,4,143
38.015,96782947,192262144,3026944,134,9,143
39.015,96782945,192262144,3051520,132,11,143
40.016,96782945,192262144,3067904,132,11,143
41.001,96782945,192262144,3084288,132,11,143
42.001,96782753,192262144,3104768,132,11,143
43.011,96783074,192262144,3194880,141,2,143
44.007,96783117,192262144,2961408,143,0,143
45.008,96783045,192262144,2973696,138,5,143
46.010,96783097,192262144,3051520,139,4,143
47.010,96783141,192262144,3133440,139,4,143
48.011,96782992,192262144,3223552,139,4,143
49.012,96783197,192262144,2994176,139,4,143
50.018,96783333,192262144,3063808,139,4,143
51.015,96783360,192262144,3088384,140,3,143
52.016,96783362,192262144,3182592,142,1,143
53.001,96783407,192262144,3203072,137,6,143
54.002,96783447,192262144,2904064,132,11,143
55.002,96783447,192262144,2924544,132,11,143
56.002,96783287,192262144,2936832,132,11,143
57.003,96783487,192262144,2949120,132,11,143
58.008,96783611,192262144,2969600,132,11,143
59.010,96783552,192262144,3039232,139,4,143
60.011,96783567,192262144,3125248,142,1,143
61.012,96783587,192262144,3219456,142,1,143
62.011,96783448,192262144,2977792,143,0,143
63.013,96783588,192262144,3055616,143,0,143
64.016,96783700,192262144,3141632,143,0,143
65.001,96783688,192262144,3231744,143,0,143
66.002,96783683,192262144,3252224,138,5,143
67.016,96783612,192262144,3006464,139,4,143
68.016,96783666,192262144,3031040,141,2,143
69.000,96783669,192262144,3051520,136,7,143
70.004,96783505,192262144,3072000,132,11,143
71.014,96783845,192262144,3088384,132,11,143
72.016,96783845,192262144,3108864,132,11,143
73.000,96783885,192262144,3125248,132,11,143
74.001,96783853,192262144,3215360,143,0,143
75.004,96783857,194359296,2920448,138,5,143
76.006,96783684,194359296,2990080,140,3,143
77.008,96783847,194359296,3080192,141,2,143
78.010,96783983,194359296,3170304,141,2,143
79.011,96784043,194359296,2940928,141,2,143
80.013,96783971,194359296,3010560,141,2,143
81.015,96783983,194359296,3092480,141,2,143
82.017,96783994,194359296,3182592,142,1,143
83.000,96784007,194359296,3194880,137,6,143
84.016,96784053,194359296,2969600,139,4,143
85.000,96784071,194359296,2895872,134,9,143
86.000,96783883,194359296,2916352,132,11,143
87.006,96783883,194359296,2936832,132,11,143
88.012,96784091,194359296,2953216,132,11,143
89.014,96783931,194359296,2973696,132,11,143
90.015,96784068,194359296,3051520,141,2,143
91.000,96784066,194359296,3067904,136,7,143
92.001,96784209,194359296,3158016,139,4,143
93.002,96784204,194359296,3235840,139,4,143
94.006,96784141,194359296,2990080,140,3,143
95.005,96784137,194359296,3076096,140,3,143
96.007,96783933,194359296,3166208,140,3,143
97.008,96784073,194359296,3256320,140,3,143
98.010,96784186,194359296,3002368,141,2,143
99.012,96784208,194359296,3092480,143,0,143
100.013,96784159,194359296,3108864,138,5,143
101.015,96784154,194359296,3121152,133,10,143
102.001,96784153,194359296,3141632,132,11,143
103.004,96784035,194359296,3162112,139,4,143
104.008,96784226,194359296,3182592,134,9,143
105.010,96784390,194359296,3203072,132,11,143
106.011,96784396,194359296,2961408,140,3,143
107.015,96784322,194359296,3047424,142,1,143
108.016,96784333,194359296,3133440,143,0,143
109.016,96784345,194359296,3227648,143,0,143
110.017,96784173,194359296,2985984,143,0,143
111.002,96784185,194359296,3072000,143,0,143
112.003,96784474,194359296,3084288,138,5,143
113.006,96784485,194359296,3174400,139,4,143
114.009,96784411,194359296,2949120,139,4,143
115.010,96784435,194359296,3018752,141,2,143
116.011,96784451,194359296,3039232,136,7,143
117.014,96784263,194359296,3055616,132,11,143
118.015,96784415,194359296,3072000,132,11,143
119.000,96784415,194359296,3080192,132,11,143
120.002,96784539,194359296,3031040,132,11,143
121.005,96784455,194359296,3051520,132,11,143
122.006,96784431,194359296,3145728,139,4,143
123.008,96784414,194359296,2912256,141,2,143
124.009,96784210,194359296,2990080,141,2,143
125.010,96784351,194359296,3072000,142,1,143
126.010,96784463,194359296,3162112,142,1,143
127.012,96784451,194359296,2928640,142,1,143
128.014,96784355,194359296,3002368,142,1,143
129.014,96784344,194359296,3084288,143,0,143
130.015,96784339,194359296,3100672,138,5,143
131.001,96784329,194359296,3194880,140,3,143
132.017,96784292,194359296,3203072,135,8,143
133.001,96784289,194359296,3219456,132,11,143
134.003,96784424,194359296,2985984,141,2,143
135.005,96784340,194359296,3002368,136,7,143
136.006,96784339,194359296,3010560,132,11,143
137.009,96784342,194359296,3031040,142,1,143
138.009,96784155,194359296,3051520,137,6,143
139.013,96784317,194359296,3141632,139,4,143
140.014,96784460,194359296,2908160,140,3,143
141.016,96784472,194359296,2990080,140,3,143
142.001,96784492,194359296,3076096,140,3,143
143.001,96784420,194359296,3170304,140,3,143
144.003,96784431,194359296,2928640,141,2,143
145.005,96784251,194359296,2998272,141,2,143
146.006,96784407,194359296,3014656,136,7,143
147.007,96784570,194359296,3096576,139,4,143
148.009,96784580,194359296,3121152,134,9,143
149.009,96784500,194359296,3137536,132,11,143
150.010,96784500,194359296,3149824,132,11,143
151.010,96784500,194359296,3170304,132,11,143
152.015,96784308,194359296,3190784,132,11,143
153.015,96784435,194359296,2965504,141,2,143
154.017,96784548,194359296,2969600,143,0,143
155.003,96784543,194359296,2990080,138,5,143
156.005,96784448,194359296,3080192,139,4,143
157.007,96784436,194359296,3170304,139,4,143
158.009,96784432,194359296,2936832,139,4,143
159.009,96784228,194359296,3018752,139,4,143
160.010,96784368,194359296,3104768,139,4,143
161.012,96784481,194359296,3198976,140,3,143
162.014,96784479,194359296,2961408,142,1,143
163.015,96784390,194359296,2977792,137,6,143
164.000,96784385,194359296,2990080,132,11,143
165.001,96784396,194359296,3076096,143,0,143
166.001,96784396,194359296,3092480,138,5,143
167.001,96784203,194359296,3112960,133,10,143
168.004,96784479,194359296,3129344,132,11,143
169.005,96784485,194359296,3211264,139,4,143
170.005,96784411,194359296,2990080,141,2,143
171.006,96784422,194359296,2990080,142,1,143
172.006,96784434,194359296,3076096,142,1,143
173.008,96784254,194359296,3166208,142,1,143
174.009,96784426,194359296,2912256,142,1,143
175.013,96784561,194359296,3002368,143,0,143
176.013,96784572,194359296,3088384,142,1,143
177.016,96784500,194359296,3096576,138,5,143
178.000,96784522,194359296,3194880,141,2,143
179.017,96784527,194359296,3211264,136,7,143
180.001,96784535,194359296,3158016,132,11,143
