sample,streaming_ms,frame_interval_ms,gc_allocated_in_frame_bytes,active,pooled,owned,pending,generated
0,0.766100,NaN,7176,4,0,4,45,4
1,0.596000,16.955700,2184,8,0,8,41,4
2,0.620100,15.907600,1068,12,0,12,37,4
3,0.487900,16.826800,1086,16,0,16,33,4
4,0.531300,17.096400,3298,20,0,20,29,4
5,0.717500,17.923000,1080,24,0,24,25,4
6,0.529400,15.057200,1068,28,0,28,21,4
7,0.616800,16.885400,1086,32,0,32,17,4
8,0.247900,16.214700,1074,36,0,36,13,4
9,0.371600,16.665000,6222,40,0,40,9,4
10,0.648800,16.892800,1074,44,0,44,5,4
11,0.540000,17.149500,1080,48,0,48,1,4
12,0.234800,17.786900,264,49,0,49,0,1
